id|document_id|procedure_id|file|created_at|updated_at
1|8|16221|||
2|9|16221|||
3|14|16221|||
4|23|16221|||
5|31|16221|||
6|11|16222|660de8f4765ce.pdf||
7|23|16222|||
8|2|16222|||
9|8|16222|||
10|10|16222|||
11|12|16222|||
12|8|16223|||
13|10|16223|||
14|12|16223|||
15|2|16224|||
16|10|16224|66199aef857a3.pdf||
17|11|16224|66199b12e0c5d.pdf||
18|12|16224|6614816b50e0a.pdf||
19|23|16224|||
20|2|16225|||
21|3|16225|6614473ddc9a2.pdf||
22|4|16225|66140a020476e.pdf||
23|6|16225|66140a310c606.pdf||
24|8|16225|66140a708338b.pdf||
25|10|16225|66140ad34fe71.pdf||
26|11|16225|66140b00dac68.pdf||
27|12|16225|6614097ad118e.pdf||
28|14|16225|66147e9b2e407.pdf||
29|15|16225|66147eb2e9fa0.pdf||
31|21|16225|66147ed9223ee.pdf||
32|30|16225|66147ef67959d.pdf||
33|12|16225|661409d28453b.pdf||
34|8|16225|66140ac1d82de.pdf||
35|10|16225|66140aeeddd6d.pdf||
36|34|16225|66140c48e6483.pdf||
37|2|16226|||
38|8|16226|||
39|10|16226|||
40|11|16226|||
41|2|16227|||
42|3|16227|661d87ef24418.pdf||2024-04-15 14:02:55
43|4|16227|66196ef2654c6.pdf||
44|6|16227|66196f0011f6c.pdf||
45|8|16227|66196f0e506aa.pdf||
46|9|16227|66196f1b239a4.pdf||
47|10|16227|66196f2740c25.pdf||
48|12|16227|66196f3496aa1.pdf||
49|35|16227|66196fbc6ba41.pdf||
50|2|16228||2024-04-15 12:59:06|2024-04-15 12:59:06
51|8|16228||2024-04-15 12:59:06|2024-04-15 12:59:06
52|10|16228||2024-04-15 12:59:06|2024-04-15 12:59:06
53|11|16228||2024-04-15 12:59:06|2024-04-15 12:59:06
54|2|16229||2024-04-16 11:59:08|2024-04-16 11:59:08
55|3|16229|661ec948e4ee1.pdf|2024-04-16 11:59:08|2024-04-16 12:54:00
56|4|16229|661ecc3a5d220.pdf|2024-04-16 11:59:08|2024-04-16 13:06:34
57|6|16229|661ecc51c0ea6.pdf|2024-04-16 11:59:08|2024-04-16 13:06:57
58|8|16229|661ecccc373ec.pdf|2024-04-16 11:59:08|2024-04-16 13:09:00
59|9|16229|661eccdac9852.pdf|2024-04-16 11:59:08|2024-04-16 13:09:14
60|10|16229|661ecf083faf6.pdf|2024-04-16 11:59:08|2024-04-16 13:18:32
61|11|16229|661ecf15cd1ca.pdf|2024-04-16 11:59:08|2024-04-16 13:18:45
62|12|16229|661ecf2634a04.pdf|2024-04-16 11:59:08|2024-04-16 13:19:02
63|2|16230||2024-04-16 17:05:28|2024-04-16 17:05:28
64|3|16230||2024-04-16 17:05:28|2024-04-16 17:05:28
65|10|16230||2024-04-16 17:05:28|2024-04-16 17:05:28
66|12|16230||2024-04-16 17:05:28|2024-04-16 17:05:28
67|37|16230||2024-04-16 17:05:28|2024-04-16 17:05:28
68|2|16231||2024-04-16 17:39:57|2024-04-16 17:39:57
69|10|16231||2024-04-16 17:39:57|2024-04-16 17:39:57
70|11|16231||2024-04-16 17:39:57|2024-04-16 17:39:57
71|12|16231||2024-04-16 17:39:57|2024-04-16 17:39:57
72|24|16231||2024-04-16 17:39:57|2024-04-16 17:39:57
73|38|16231||2024-04-16 17:39:57|2024-04-16 17:39:57
74|2|16232||2024-04-17 09:43:20|2024-04-17 09:43:20
75|11|16232||2024-04-17 09:43:20|2024-04-17 09:43:20
76|12|16232||2024-04-17 09:43:20|2024-04-17 09:43:20
77|38|16232||2024-04-17 09:43:20|2024-04-17 09:43:20
78|2|16233||2024-04-17 16:57:53|2024-04-17 16:57:53
79|3|16233||2024-04-17 16:57:53|2024-04-17 16:57:53
80|10|16233|6620574c2556d.pdf|2024-04-17 16:57:53|2024-04-17 17:12:12
81|11|16233|6620575c640e3.pdf|2024-04-17 16:57:53|2024-04-17 17:12:28
82|12|16233|6620576ad60c1.pdf|2024-04-17 16:57:53|2024-04-17 17:12:42
83|24|16233||2024-04-17 16:57:53|2024-04-17 16:57:53
84|38|16233||2024-04-17 16:57:53|2024-04-17 16:57:53
85|2|16234||2024-04-18 16:30:31|2024-04-18 16:30:31
86|10|16234||2024-04-18 16:30:31|2024-04-18 16:30:31
87|11|16234||2024-04-18 16:30:31|2024-04-18 16:30:31
88|12|16234||2024-04-18 16:30:31|2024-04-18 16:30:31
89|38|16234||2024-04-18 16:30:31|2024-04-18 16:30:31
90|3|16235||2024-04-19 09:33:04|2024-04-19 09:33:04
91|4|16235||2024-04-19 09:33:04|2024-04-19 09:33:04
92|8|16235||2024-04-19 09:33:04|2024-04-19 09:33:04
93|10|16235||2024-04-19 09:33:04|2024-04-19 09:33:04
94|12|16235||2024-04-19 09:33:04|2024-04-19 09:33:04
95|14|16235||2024-04-19 09:33:04|2024-04-19 09:33:04
96|15|16235||2024-04-19 09:33:04|2024-04-19 09:33:04
97|30|16235||2024-04-19 09:33:04|2024-04-19 09:33:04
98|2|16236||2024-04-19 11:24:32|2024-04-19 11:24:32
99|8|16236|6622abc1afa02.pdf|2024-04-19 11:24:32|2024-04-19 11:37:05
100|10|16236|6622ac03045a6.pdf|2024-04-19 11:24:32|2024-04-19 11:38:11
101|11|16236|6622ac129b854.pdf|2024-04-19 11:24:32|2024-04-19 11:38:26
102|12|16236|6622aba90da74.pdf|2024-04-19 11:24:32|2024-04-19 11:36:41
103|24|16236||2024-04-19 11:24:32|2024-04-19 11:24:32
104|38|16236||2024-04-19 11:24:32|2024-04-19 11:24:32
105|8|16237||2024-04-19 12:22:57|2024-04-19 12:22:57
106|10|16237||2024-04-19 12:22:57|2024-04-19 12:22:57
107|12|16237||2024-04-19 12:22:57|2024-04-19 12:22:57
108|2|16238||2024-04-19 12:41:36|2024-04-19 12:41:36
109|8|16238||2024-04-19 12:41:36|2024-04-19 12:41:36
110|10|16238||2024-04-19 12:41:36|2024-04-19 12:41:36
111|12|16238||2024-04-19 12:41:36|2024-04-19 12:41:36
112|2|16239||2024-04-19 14:32:23|2024-04-19 14:32:23
113|3|16239||2024-04-19 14:32:23|2024-04-19 14:32:23
114|10|16239||2024-04-19 14:32:23|2024-04-19 14:32:23
115|12|16239||2024-04-19 14:32:23|2024-04-19 14:32:23
116|10|16240||2024-04-19 16:35:17|2024-04-19 16:35:17
117|12|16240||2024-04-19 16:35:17|2024-04-19 16:35:17
118|2|16241||2024-04-19 17:09:25|2024-04-19 17:09:25
119|3|16241||2024-04-19 17:09:25|2024-04-19 17:09:25
120|8|16241||2024-04-19 17:09:25|2024-04-19 17:09:25
121|10|16241||2024-04-19 17:09:25|2024-04-19 17:09:25
122|11|16241||2024-04-19 17:09:25|2024-04-19 17:09:25
123|12|16241||2024-04-19 17:09:25|2024-04-19 17:09:25
124|24|16241||2024-04-19 17:09:25|2024-04-19 17:09:25
125|2|16242||2024-04-22 09:46:40|2024-04-22 09:46:40
126|3|16242|66269432c84db.pdf|2024-04-22 09:46:40|2024-04-22 10:45:38
127|4|16242|662694401f63e.pdf|2024-04-22 09:46:40|2024-04-22 10:45:52
128|6|16242|6626944e53de1.pdf|2024-04-22 09:46:40|2024-04-22 10:46:06
129|8|16242|662686ae1c8d7.pdf|2024-04-22 09:46:40|2024-04-22 09:47:58
131|10|16242|66268715645c9.pdf|2024-04-22 09:46:40|2024-04-22 09:49:41
132|11|16242|662693bc32e72.pdf|2024-04-22 09:46:40|2024-04-22 10:43:40
133|12|16242|6626868fc2d42.pdf|2024-04-22 09:46:40|2024-04-22 09:47:27
134|13|16242|662694681fbb3.pdf|2024-04-22 09:46:40|2024-04-22 10:46:32
135|14|16242|662694792e48b.pdf|2024-04-22 09:46:40|2024-04-22 10:46:49
136|15|16242|66269486a30b9.pdf|2024-04-22 09:46:40|2024-04-22 10:47:02
137|2|16243||2024-04-23 09:40:05|2024-04-23 09:40:05
138|3|16243|66281c4b52ab9.pdf|2024-04-23 09:40:05|2024-04-23 14:38:35
139|4|16243|66281c972e2d1.pdf|2024-04-23 09:40:05|2024-04-23 14:39:51
140|5|16243|66281ca338da3.pdf|2024-04-23 09:40:05|2024-04-23 14:40:03
141|6|16243|66281cb9b918c.pdf|2024-04-23 09:40:05|2024-04-23 14:40:25
142|8|16243|66281cc6cd541.pdf|2024-04-23 09:40:05|2024-04-23 14:40:38
143|10|16243|66281cd3ae7ab.pdf|2024-04-23 09:40:05|2024-04-23 14:40:51
144|11|16243|66281ce0e6edd.pdf|2024-04-23 09:40:05|2024-04-23 14:41:04
145|12|16243|66281cef7744c.pdf|2024-04-23 09:40:05|2024-04-23 14:41:19
146|8|16244|6627f972b330c.pdf|2024-04-23 10:26:52|2024-04-23 12:09:54
147|11|16244|6627f9d189add.pdf|2024-04-23 10:26:52|2024-04-23 12:11:29
148|23|16244|6627f9e8e742c.pdf|2024-04-23 10:26:52|2024-04-23 12:11:52
149|38|16244||2024-04-23 10:26:52|2024-04-23 10:26:52
150|3|16243|66281c6163b96.pdf|2024-04-23 14:38:57|2024-04-23 14:38:57
151|8|16242|66281db84c69f.pdf|2024-04-23 14:44:40|2024-04-23 14:44:40
152|8|16245|662927e634bb1.pdf|2024-04-24 09:32:28|2024-04-24 09:40:22
153|10|16245|662927a66bed2.pdf|2024-04-24 09:32:28|2024-04-24 09:39:18
154|12|16245|662926fb20c16.pdf|2024-04-24 09:32:28|2024-04-24 09:36:27
155|39|16245|66294c5c929a8.docx|2024-04-24 12:15:56|2024-04-24 12:15:56
156|2|16246||2024-04-24 13:03:48|2024-04-24 13:03:48
157|8|16246|66295861213a7.pdf|2024-04-24 13:03:48|2024-04-24 13:07:13
158|10|16246|6629589daa263.pdf|2024-04-24 13:03:48|2024-04-24 13:08:13
159|11|16246|662957e09a560.pdf|2024-04-24 13:03:48|2024-04-24 13:05:04
160|12|16246|662958764d291.pdf|2024-04-24 13:03:48|2024-04-24 13:07:34
161|24|16246|662971e423962.pdf|2024-04-24 13:03:48|2024-04-24 14:56:04
162|11|16246|66295801a055b.pdf|2024-04-24 13:05:37|2024-04-24 13:05:37
163|11|16246|6629581d13784.pdf|2024-04-24 13:06:05|2024-04-24 13:06:05
164|3|16246|662971cc91a15.pdf|2024-04-24 14:55:40|2024-04-24 14:55:40
165|24|16246|662971fa4b565.pdf|2024-04-24 14:56:26|2024-04-24 14:56:26
166|2|16247||2024-04-24 17:27:16|2024-04-24 17:27:16
167|10|16247||2024-04-24 17:27:16|2024-04-24 17:27:16
168|12|16247||2024-04-24 17:27:16|2024-04-24 17:27:16
169|11|16248|662bdece923bd.pdf|2024-04-25 17:19:19|2024-04-26 11:05:18
170|12|16248||2024-04-25 17:19:19|2024-04-25 17:19:19
171|33|16248|662bde9687c6f.pdf|2024-04-25 17:19:19|2024-04-26 11:04:22
172|36|16248|662bde5965c78.pdf|2024-04-25 17:19:19|2024-04-26 11:03:21
173|40|16248||2024-04-25 17:19:19|2024-04-25 17:19:19
174|41|16248|662bde7df3566.pdf|2024-04-25 17:19:19|2024-04-26 11:03:58
175|42|16248|662bde6b1548a.pdf|2024-04-25 17:19:19|2024-04-26 11:03:39
176|43|16248|662bde37bf6aa.pdf|2024-04-25 17:19:19|2024-04-26 11:02:47
177|8|16249||2024-04-26 10:35:45|2024-04-26 10:35:45
178|11|16249||2024-04-26 10:35:45|2024-04-26 10:35:45
179|12|16249|662bdd6f4cd08.pdf|2024-04-26 10:35:45|2024-04-26 10:59:27
180|36|16249||2024-04-26 10:35:45|2024-04-26 10:35:45
181|40|16249||2024-04-26 10:35:45|2024-04-26 10:35:45
182|41|16249||2024-04-26 10:35:45|2024-04-26 10:35:45
183|43|16249||2024-04-26 10:35:45|2024-04-26 10:35:45
184|8|16250||2024-04-26 17:16:52|2024-04-26 17:16:52
185|8|16251|662c3b54361ef.pdf|2024-04-26 17:39:32|2024-04-26 17:40:04
186|11|16251|662c3be588674.pdf|2024-04-26 17:39:32|2024-04-26 17:42:29
187|12|16251|662c3bf6e2036.pdf|2024-04-26 17:39:32|2024-04-26 17:42:46
188|24|16251|662c3c098bd4d.pdf|2024-04-26 17:39:32|2024-04-26 17:43:05
189|44|16251|662c3c1c342d6.pdf|2024-04-26 17:39:32|2024-04-26 17:43:24
190|5|16252||2024-04-29 10:16:22|2024-04-29 10:16:22
191|6|16252||2024-04-29 10:16:22|2024-04-29 10:16:22
192|7|16252||2024-04-29 10:16:22|2024-04-29 10:16:22
193|8|16252||2024-04-29 10:16:22|2024-04-29 10:16:22
194|10|16252||2024-04-29 10:16:22|2024-04-29 10:16:22
195|11|16252||2024-04-29 10:16:22|2024-04-29 10:16:22
196|12|16252||2024-04-29 10:16:22|2024-04-29 10:16:22
197|8|16253|66315d20a0507.pdf|2024-04-30 14:46:39|2024-04-30 15:05:36
198|10|16253|66315d433ae75.pdf|2024-04-30 14:46:39|2024-04-30 15:06:11
199|12|16253|66315b77060f5.pdf|2024-04-30 14:46:39|2024-04-30 14:58:31
200|35|16253|66315de2ce396.pdf|2024-04-30 14:46:39|2024-04-30 15:08:50
201|5|16254||2024-05-03 14:34:20|2024-05-03 14:34:20
202|8|16254||2024-05-03 14:34:20|2024-05-03 14:34:20
203|11|16254||2024-05-03 14:34:20|2024-05-03 14:34:20
204|12|16254||2024-05-03 14:34:20|2024-05-03 14:34:20
205|31|16254||2024-05-03 14:34:20|2024-05-03 14:34:20
206|8|16255|663b9aa5637c8.pdf|2024-05-03 15:40:30|2024-05-08 09:30:45
207|10|16255|663b9a802695c.pdf|2024-05-03 15:40:30|2024-05-08 09:30:08
208|11|16255|663b9b2a46f7f.pdf|2024-05-03 15:40:30|2024-05-08 09:32:58
209|12|16255|663b9c49509cf.pdf|2024-05-03 15:40:30|2024-05-08 09:37:45
210|23|16255|663b9e43ebe9e.pdf|2024-05-03 15:40:30|2024-05-08 09:46:11
211|33|16255|663b9e595249e.pdf|2024-05-03 15:40:30|2024-05-08 09:46:33
212|40|16255|663b9e70b1b4a.pdf|2024-05-03 15:40:30|2024-05-08 09:46:56
213|4|16256|663d2062ad81d.pdf|2024-05-09 13:08:05|2024-05-09 13:13:38
214|6|16256||2024-05-09 13:08:05|2024-05-09 13:08:05
215|5|16257||2024-05-09 16:02:36|2024-05-09 16:02:36
216|6|16257||2024-05-09 16:02:36|2024-05-09 16:02:36
217|7|16257||2024-05-09 16:02:36|2024-05-09 16:02:36
218|8|16257||2024-05-09 16:02:36|2024-05-09 16:02:36
219|10|16257||2024-05-09 16:02:36|2024-05-09 16:02:36
220|11|16257||2024-05-09 16:02:36|2024-05-09 16:02:36
221|12|16257||2024-05-09 16:02:36|2024-05-09 16:02:36
222|21|16257||2024-05-09 16:02:36|2024-05-09 16:02:36
223|31|16257||2024-05-09 16:02:36|2024-05-09 16:02:36
224|5|16258||2024-05-10 09:46:46|2024-05-10 09:46:46
225|6|16258||2024-05-10 09:46:46|2024-05-10 09:46:46
226|7|16258||2024-05-10 09:46:46|2024-05-10 09:46:46
227|8|16258||2024-05-10 09:46:46|2024-05-10 09:46:46
228|10|16258||2024-05-10 09:46:46|2024-05-10 09:46:46
229|11|16258||2024-05-10 09:46:46|2024-05-10 09:46:46
230|12|16258||2024-05-10 09:46:46|2024-05-10 09:46:46
231|8|16259|66479f4057a9e.pdf|2024-05-17 09:46:08|2024-05-17 12:17:36
232|10|16259|66479f58a4bc8.pdf|2024-05-17 09:46:08|2024-05-17 12:18:00
233|11|16259|6647a23338575.pdf|2024-05-17 09:46:08|2024-05-17 12:30:11
234|24|16259||2024-05-17 09:46:08|2024-05-17 09:46:08
235|38|16259|6647a364832ef.pdf|2024-05-17 09:46:08|2024-05-17 12:35:16
236|2|16260||2024-05-20 09:57:43|2024-05-20 09:57:43
237|8|16260||2024-05-20 09:57:43|2024-05-20 09:57:43
238|10|16260||2024-05-20 09:57:43|2024-05-20 09:57:43
239|11|16260||2024-05-20 09:57:43|2024-05-20 09:57:43
240|12|16260||2024-05-20 09:57:43|2024-05-20 09:57:43
241|24|16260||2024-05-20 09:57:43|2024-05-20 09:57:43
242|38|16260||2024-05-20 09:57:43|2024-05-20 09:57:43
243|11|16261||2024-05-20 13:50:41|2024-05-20 13:50:41
244|12|16261||2024-05-20 13:50:41|2024-05-20 13:50:41
245|38|16261||2024-05-20 13:50:41|2024-05-20 13:50:41
246|8|16262||2024-05-24 12:54:39|2024-05-24 12:54:39
247|11|16262||2024-05-24 12:54:39|2024-05-24 12:54:39
248|12|16262||2024-05-24 12:54:39|2024-05-24 12:54:39
249|33|16262||2024-05-24 12:54:39|2024-05-24 12:54:39
250|40|16262||2024-05-24 12:54:39|2024-05-24 12:54:39
251|41|16262||2024-05-24 12:54:39|2024-05-24 12:54:39
252|2|16263||2024-05-30 09:30:49|2024-05-30 09:30:49
253|8|16263|6658ad14f0553.pdf|2024-05-30 09:30:49|2024-05-30 10:45:08
254|10|16263|6658ad1fae25a.pdf|2024-05-30 09:30:49|2024-05-30 10:45:19
255|11|16263|6658ad31d3936.pdf|2024-05-30 09:30:49|2024-05-30 10:45:37
256|12|16263|6658ad4862493.pdf|2024-05-30 09:30:49|2024-05-30 10:46:00
257|24|16263|6658adde4a7bf.pdf|2024-05-30 09:30:49|2024-05-30 10:48:30
258|38|16263|6658ad57e7f1e.pdf|2024-05-30 09:30:49|2024-05-30 10:46:15
259|8|16264|6658b01472dc7.pdf|2024-05-30 10:41:42|2024-05-30 10:57:56
260|10|16264|6658b028b36e4.pdf|2024-05-30 10:41:42|2024-05-30 10:58:16
261|12|16264|6658ad86e1d86.pdf|2024-05-30 10:41:42|2024-05-30 10:47:02
262|1|16265|6658d14e3e516.pdf|2024-05-30 13:08:03|2024-05-30 13:19:42
263|8|16265|6658d270197c7.pdf|2024-05-30 13:08:03|2024-05-30 13:24:32
264|10|16265|6659ea40c66ff.pdf|2024-05-30 13:08:03|2024-05-31 09:18:24
265|11|16265|6659eb60b4615.pdf|2024-05-30 13:08:03|2024-05-31 09:23:12
266|12|16265|6659ebd2307cc.pdf|2024-05-30 13:08:03|2024-05-31 09:25:06
267|33|16265|6658d1a9cf2d8.pdf|2024-05-30 13:08:03|2024-05-30 13:21:13
268|40|16265|6659ec1e114f6.docx|2024-05-30 13:08:03|2024-05-31 09:26:22
269|41|16265|6659f2a39484b.pdf|2024-05-30 13:08:03|2024-05-31 09:54:11
270|8|16266|6658d5a41b1d5.pdf|2024-05-30 13:37:20|2024-05-30 13:38:12
271|10|16266||2024-05-30 13:37:20|2024-05-30 13:37:20
272|11|16266|6658d7412d4bb.pdf|2024-05-30 13:37:20|2024-05-30 13:45:05
273|12|16266|6658d5c87d7fa.pdf|2024-05-30 13:37:20|2024-05-30 13:38:48
274|8|16267|6658dd1e6c2d0.pdf|2024-05-30 14:05:55|2024-05-30 14:10:06
275|10|16267||2024-05-30 14:05:55|2024-05-30 14:05:55
276|12|16267|6658de198b651.pdf|2024-05-30 14:05:55|2024-05-30 14:14:17
277|44|16267||2024-05-30 14:05:55|2024-05-30 14:05:55
278|8|16268|6658e945b687d.pdf|2024-05-30 14:57:40|2024-05-30 15:01:57
279|12|16268|6658e95943016.pdf|2024-05-30 14:57:40|2024-05-30 15:02:17
280|44|16268|6658ea1d51868.pdf|2024-05-30 14:57:40|2024-05-30 15:05:33
281|8|16269|665a022eb248b.pdf|2024-05-31 10:44:17|2024-05-31 11:00:30
282|10|16269|665a026ec4c59.pdf|2024-05-31 10:44:17|2024-05-31 11:01:34
283|11|16269|665a028612428.pdf|2024-05-31 10:44:17|2024-05-31 11:01:58
284|12|16269|665a0292cf054.pdf|2024-05-31 10:44:17|2024-05-31 11:02:10
285|23|16269|665a02e1eaecf.pdf|2024-05-31 10:44:17|2024-05-31 11:03:29
286|38|16269|665a02ef37b99.pdf|2024-05-31 10:44:17|2024-05-31 11:03:43
287|36|16269|665a02fc6fd4c.pdf|2024-05-31 10:59:12|2024-05-31 11:03:56
288|10|16261|665a4014d616b.pdf|2024-05-31 15:24:36|2024-05-31 15:24:36
289|1|16270|6663567de60f8.pdf|2024-06-07 12:37:46|2024-06-07 12:50:37
290|8|16270|6663568b6cdd6.pdf|2024-06-07 12:37:46|2024-06-07 12:50:51
291|10|16270|66635696f24ea.pdf|2024-06-07 12:37:46|2024-06-07 12:51:02
292|11|16270|666356a09e4d1.pdf|2024-06-07 12:37:46|2024-06-07 12:51:12
293|12|16270|666356a920c11.pdf|2024-06-07 12:37:46|2024-06-07 12:51:21
294|36|16270|666356be56c70.pdf|2024-06-07 12:37:46|2024-06-07 12:51:42
295|40|16270|666356c9bb799.pdf|2024-06-07 12:37:46|2024-06-07 12:51:53
296|33|16270|666356d52f429.pdf|2024-06-07 12:50:04|2024-06-07 12:52:05
297|41|16270|666356e14852a.pdf|2024-06-07 12:50:04|2024-06-07 12:52:17
298|42|16270|6663574c131e2.pdf|2024-06-07 12:50:04|2024-06-07 12:54:04
299|38|16271||2024-06-10 17:23:34|2024-06-10 17:23:34
300|8|16272|6668760db7080.pdf|2024-06-11 09:54:54|2024-06-11 10:06:37
301|10|16272|666876208e9cb.pdf|2024-06-11 09:54:54|2024-06-11 10:06:56
302|12|16272|6668762d462c0.pdf|2024-06-11 09:54:54|2024-06-11 10:07:09
303|35|16272|66687637dde38.pdf|2024-06-11 09:58:44|2024-06-11 10:07:19
304|10|16273|666c743b55216.pdf|2024-06-14 10:17:10|2024-06-14 10:47:55
305|11|16273|666c74494dd26.pdf|2024-06-14 10:17:10|2024-06-14 10:48:09
306|12|16273|666c7456263cc.pdf|2024-06-14 10:17:10|2024-06-14 10:48:22
307|23|16273|666c746bbe7ab.pdf|2024-06-14 10:17:10|2024-06-14 10:48:43
308|36|16273||2024-06-14 10:17:10|2024-06-14 10:17:10
309|38|16273||2024-06-14 10:17:10|2024-06-14 10:17:10
310|7|16274||2024-06-14 16:22:40|2024-06-14 16:22:40
311|8|16274||2024-06-14 16:22:40|2024-06-14 16:22:40
312|10|16274||2024-06-14 16:22:40|2024-06-14 16:22:40
313|11|16274||2024-06-14 16:22:40|2024-06-14 16:22:40
314|12|16274||2024-06-14 16:22:40|2024-06-14 16:22:40
315|22|16274||2024-06-14 16:22:40|2024-06-14 16:22:40
316|31|16274||2024-06-14 16:22:40|2024-06-14 16:22:40
317|1|16275||2024-06-17 17:29:15|2024-06-17 17:29:15
318|11|16275||2024-06-17 17:29:15|2024-06-17 17:29:15
319|12|16275||2024-06-17 17:29:15|2024-06-17 17:29:15
320|24|16275||2024-06-17 17:29:15|2024-06-17 17:29:15
321|2|16276||2024-06-18 10:03:37|2024-06-18 10:03:37
322|10|16276||2024-06-18 10:03:37|2024-06-18 10:03:37
323|11|16276||2024-06-18 10:03:37|2024-06-18 10:03:37
324|12|16276||2024-06-18 10:03:37|2024-06-18 10:03:37
325|24|16276||2024-06-18 10:03:37|2024-06-18 10:03:37
326|38|16276||2024-06-18 10:03:37|2024-06-18 10:03:37
327|4|16277||2024-06-19 16:38:53|2024-06-19 16:38:53
328|7|16277||2024-06-19 16:38:53|2024-06-19 16:38:53
329|8|16277||2024-06-19 16:38:53|2024-06-19 16:38:53
330|10|16277||2024-06-19 16:38:53|2024-06-19 16:38:53
331|11|16277||2024-06-19 16:38:53|2024-06-19 16:38:53
332|12|16277||2024-06-19 16:38:53|2024-06-19 16:38:53
333|23|16277||2024-06-19 16:38:53|2024-06-19 16:38:53
334|29|16277||2024-06-19 16:38:53|2024-06-19 16:38:53
335|36|16277||2024-06-19 16:38:53|2024-06-19 16:38:53
