id|name|created_at|updated_at
1|adquirente|2024-03-26 11:04:03|2024-03-26 11:04:03
2|gestor oficioso|2024-03-26 11:04:03|2024-03-26 11:04:03
3|enajenante|2024-03-26 11:04:03|2024-03-26 11:04:03
4|mandatario|2024-03-26 11:04:03|2024-03-26 11:04:03
5|mandante|2024-03-26 11:04:03|2024-03-26 11:04:03
6|socio|2024-03-26 11:04:03|2024-03-26 11:04:03
7|socia|2024-03-26 11:04:03|2024-03-26 11:04:03
8|alba.hered.donataria|2024-03-26 11:04:03|2024-03-26 11:04:03
9|heredero y donatario|2024-03-26 11:04:03|2024-03-26 11:04:03
10|donante|2024-03-26 11:04:03|2024-03-26 11:04:03
11|de cujus|2024-03-26 11:04:03|2024-03-26 11:04:03
12|donataria|2024-03-26 11:04:03|2024-03-26 11:04:03
13|nudo propietario|2024-03-26 11:04:03|2024-03-26 11:04:03
14|persona moral|2024-03-26 11:04:03|2024-03-26 11:04:03
15|delegado especial|2024-03-26 11:04:03|2024-03-26 11:04:03
16|vendedor|2024-03-26 11:04:03|2024-03-26 11:04:03
17|comprador|2024-03-26 11:04:03|2024-03-26 11:04:03
18|constitutiva|2024-03-26 11:04:03|2024-03-26 11:04:03
19|asociado|2024-03-26 11:04:03|2024-03-26 11:04:03
20|mutuante|2024-03-26 11:04:03|2024-03-26 11:04:03
21|mutuario|2024-03-26 11:04:03|2024-03-26 11:04:03
22|deudor|2024-03-26 11:04:03|2024-03-26 11:04:03
23|acreedor|2024-03-26 11:04:03|2024-03-26 11:04:03
24|garante hipotecario|2024-03-26 11:04:03|2024-03-26 11:04:03
25|administrador unico|2024-03-26 11:04:03|2024-03-26 11:04:03
26|solicitante|2024-03-26 11:04:03|2024-03-26 11:04:03
27|testador|2024-03-26 11:04:03|2024-03-26 11:04:03
28|testigo|2024-03-26 11:04:03|2024-03-26 11:04:03
29|soliciante|2024-03-26 11:04:03|2024-03-26 11:04:03
30|comrador|2024-03-26 11:04:03|2024-03-26 11:04:03
31|adjudicatario|2024-03-26 11:04:03|2024-03-26 11:04:03
32|asociacion|2024-03-26 11:04:03|2024-03-26 11:04:03
33|vendedora|2024-03-26 11:04:03|2024-03-26 11:04:03
34|donatario|2024-03-26 11:04:03|2024-03-26 11:04:03
35|mandataria|2024-03-26 11:04:03|2024-03-26 11:04:03
36|presidente|2024-03-26 11:04:03|2024-03-26 11:04:03
37|tesorero|2024-03-26 11:04:03|2024-03-26 11:04:03
38|representante legal|2024-03-26 11:04:03|2024-03-26 11:04:03
39|secretario|2024-03-26 11:04:03|2024-03-26 11:04:03
40|mmandatario|2024-03-26 11:04:03|2024-03-26 11:04:03
41|apoderado gral|2024-03-26 11:04:03|2024-03-26 11:04:03
42|acreditante|2024-03-26 11:04:03|2024-03-26 11:04:03
43|representante|2024-03-26 11:04:03|2024-03-26 11:04:03
44|acreditado|2024-03-26 11:04:03|2024-03-26 11:04:03
45|enajenate|2024-03-26 11:04:03|2024-03-26 11:04:03
46|compradora|2024-03-26 11:04:03|2024-03-26 11:04:03
47|no paso|2024-03-26 11:04:03|2024-03-26 11:04:03
48|ciudadano juez|2024-03-26 11:04:03|2024-03-26 11:04:03
49|adjudicante|2024-03-26 11:04:03|2024-03-26 11:04:03
50|testadora|2024-03-26 11:04:03|2024-03-26 11:04:03
51|delegado estatal|2024-03-26 11:04:03|2024-03-26 11:04:03
52|adjudicataria|2024-03-26 11:04:03|2024-03-26 11:04:03
53|demandado|2024-03-26 11:04:03|2024-03-26 11:04:03
54|donante y solicitant|2024-03-26 11:04:03|2024-03-26 11:04:03
55|apoderado legal|2024-03-26 11:04:03|2024-03-26 11:04:03
56|acreditado y garante|2024-03-26 11:04:03|2024-03-26 11:04:03
57|acreditado y nudo pr|2024-03-26 11:04:03|2024-03-26 11:04:03
58|usufructuario|2024-03-26 11:04:03|2024-03-26 11:04:03
59|usufructuaria|2024-03-26 11:04:03|2024-03-26 11:04:03
60|traductor|2024-03-26 11:04:03|2024-03-26 11:04:03
61|acreditada|2024-03-26 11:04:03|2024-03-26 11:04:03
62|apoderada legal|2024-03-26 11:04:03|2024-03-26 11:04:03
63|cedente|2024-03-26 11:04:03|2024-03-26 11:04:03
64|cesionaria|2024-03-26 11:04:03|2024-03-26 11:04:03
65|constituida|2024-03-26 11:04:03|2024-03-26 11:04:03
66|accionista|2024-03-26 11:04:03|2024-03-26 11:04:03
67|arrendadora|2024-03-26 11:04:03|2024-03-26 11:04:03
68|copropietaria|2024-03-26 11:04:03|2024-03-26 11:04:03
69|arrendatario|2024-03-26 11:04:03|2024-03-26 11:04:03
70|fiador|2024-03-26 11:04:03|2024-03-26 11:04:03
71|acreedor/acreditante|2024-03-26 11:04:03|2024-03-26 11:04:03
72|sociedad|2024-03-26 11:04:03|2024-03-26 11:04:03
73|acreedora|2024-03-26 11:04:03|2024-03-26 11:04:03
74|donantes|2024-03-26 11:04:03|2024-03-26 11:04:03
75|obligado solidario|2024-03-26 11:04:03|2024-03-26 11:04:03
76|deudora|2024-03-26 11:04:03|2024-03-26 11:04:03
77|asociada|2024-03-26 11:04:03|2024-03-26 11:04:03
78|asociados|2024-03-26 11:04:03|2024-03-26 11:04:03
79|nuda propietaria|2024-03-26 11:04:03|2024-03-26 11:04:03
80|director general|2024-03-26 11:04:03|2024-03-26 11:04:03
81|empresa|2024-03-26 11:04:03|2024-03-26 11:04:03
82|mutuaria|2024-03-26 11:04:03|2024-03-26 11:04:03
83|apoderado|2024-03-26 11:04:03|2024-03-26 11:04:03
84|juez 12 de lo civil|2024-03-26 11:04:03|2024-03-26 11:04:03
85|presidente estatal|2024-03-26 11:04:03|2024-03-26 11:04:03
86|heredera|2024-03-26 11:04:03|2024-03-26 11:04:03
87|apoderada|2024-03-26 11:04:03|2024-03-26 11:04:03
88|enejenante|2024-03-26 11:04:03|2024-03-26 11:04:03
89|presidente del conse|2024-03-26 11:04:03|2024-03-26 11:04:03
90|tesorero del consejo|2024-03-26 11:04:03|2024-03-26 11:04:03
91|adquirentes|2024-03-26 11:04:03|2024-03-26 11:04:03
92|juez del registrto c|2024-03-26 11:04:03|2024-03-26 11:04:03
93|vendedores|2024-03-26 11:04:03|2024-03-26 11:04:03
94|arrendador|2024-03-26 11:04:03|2024-03-26 11:04:03
95|gerente general|2024-03-26 11:04:03|2024-03-26 11:04:03
96|nuda propiedad|2024-03-26 11:04:03|2024-03-26 11:04:03
97|otorgante|2024-03-26 11:04:03|2024-03-26 11:04:03
98|demandada|2024-03-26 11:04:03|2024-03-26 11:04:03
99|gestor oficiosa|2024-03-26 11:04:03|2024-03-26 11:04:03
100|cesionario|2024-03-26 11:04:03|2024-03-26 11:04:03
101|nudo poprietario|2024-03-26 11:04:03|2024-03-26 11:04:03
102|juez de lo civil|2024-03-26 11:04:03|2024-03-26 11:04:03
103|mutuario y garante|2024-03-26 11:04:03|2024-03-26 11:04:03
104|mutuario y garante h|2024-03-26 11:04:03|2024-03-26 11:04:03
105|albacea y heredera|2024-03-26 11:04:03|2024-03-26 11:04:03
106|donante y vendedora|2024-03-26 11:04:03|2024-03-26 11:04:03
107|donante y vendedor|2024-03-26 11:04:03|2024-03-26 11:04:03
108|nuda propitaria|2024-03-26 11:04:03|2024-03-26 11:04:03
109|doataria|2024-03-26 11:04:03|2024-03-26 11:04:03
110|abonadora|2024-03-26 11:04:03|2024-03-26 11:04:03
111|representantes|2024-03-26 11:04:03|2024-03-26 11:04:03
112|garante hipotecaria|2024-03-26 11:04:03|2024-03-26 11:04:03
113|la abonadora|2024-03-26 11:04:03|2024-03-26 11:04:03
114|revisor|2024-03-26 11:04:03|2024-03-26 11:04:03
115|doantaria|2024-03-26 11:04:03|2024-03-26 11:04:03
116|comisionado|2024-03-26 11:04:03|2024-03-26 11:04:03
117|heredero|2024-03-26 11:04:03|2024-03-26 11:04:03
118|administrador|2024-03-26 11:04:03|2024-03-26 11:04:03
119|legataria|2024-03-26 11:04:03|2024-03-26 11:04:03
120|adquiriente|2024-03-26 11:04:03|2024-03-26 11:04:03
121|amndante|2024-03-26 11:04:03|2024-03-26 11:04:03
122|mandnante|2024-03-26 11:04:03|2024-03-26 11:04:03
123|mandate|2024-03-26 11:04:03|2024-03-26 11:04:03
124|copradora|2024-03-26 11:04:03|2024-03-26 11:04:03
125|mutunte|2024-03-26 11:04:03|2024-03-26 11:04:03
126|nudo propietrio|2024-03-26 11:04:03|2024-03-26 11:04:03
127|apoderdo legal|2024-03-26 11:04:03|2024-03-26 11:04:03
128|ogligado solidario|2024-03-26 11:04:03|2024-03-26 11:04:03
129|secretario general|2024-03-26 11:04:03|2024-03-26 11:04:03
130|acreditado  y garant|2024-03-26 11:04:03|2024-03-26 11:04:03
131|enajenante y adjudic|2024-03-26 11:04:03|2024-03-26 11:04:03
132|madatario|2024-03-26 11:04:03|2024-03-26 11:04:03
133|coheredero|2024-03-26 11:04:03|2024-03-26 11:04:03
134|coheredera|2024-03-26 11:04:03|2024-03-26 11:04:03
135|cujus|2024-03-26 11:04:03|2024-03-26 11:04:03
136|donataira|2024-03-26 11:04:03|2024-03-26 11:04:03
137|nudo propitario|2024-03-26 11:04:03|2024-03-26 11:04:03
138|albacea y heredero|2024-03-26 11:04:03|2024-03-26 11:04:03
139|representate|2024-03-26 11:04:03|2024-03-26 11:04:03
140|permutante|2024-03-26 11:04:03|2024-03-26 11:04:03
141|enajenante y apodera|2024-03-26 11:04:03|2024-03-26 11:04:03
142|vendedor y donante|2024-03-26 11:04:03|2024-03-26 11:04:03
143|comprador y donatari|2024-03-26 11:04:03|2024-03-26 11:04:03
144|constitucion|2024-03-26 11:04:03|2024-03-26 11:04:03
145|vicepresidente|2024-03-26 11:04:03|2024-03-26 11:04:03
146|comradora|2024-03-26 11:04:03|2024-03-26 11:04:03
147|secretaria|2024-03-26 11:04:03|2024-03-26 11:04:03
148|donatario menor|2024-03-26 11:04:03|2024-03-26 11:04:03
149|otorgante juez de lo|2024-03-26 11:04:03|2024-03-26 11:04:03
150|mutuarios|2024-03-26 11:04:03|2024-03-26 11:04:03
151|apoderado general|2024-03-26 11:04:03|2024-03-26 11:04:03
152|cecionario|2024-03-26 11:04:03|2024-03-26 11:04:03
153|albacea definitivo|2024-03-26 11:04:03|2024-03-26 11:04:03
154|apoderada y jefa del|2024-03-26 11:04:03|2024-03-26 11:04:03
155|a favor|2024-03-26 11:04:03|2024-03-26 11:04:03
156|heredera universal|2024-03-26 11:04:03|2024-03-26 11:04:03
157|de  cujus|2024-03-26 11:04:03|2024-03-26 11:04:03
158|albacea|2024-03-26 11:04:03|2024-03-26 11:04:03
159|legatario|2024-03-26 11:04:03|2024-03-26 11:04:03
160|nudo propietrario|2024-03-26 11:04:03|2024-03-26 11:04:03
161|copropietario|2024-03-26 11:04:03|2024-03-26 11:04:03
162|otorga|2024-03-26 11:04:03|2024-03-26 11:04:03
163|apoderada general|2024-03-26 11:04:03|2024-03-26 11:04:03
164|vocal|2024-03-26 11:04:03|2024-03-26 11:04:03
165|acredor|2024-03-26 11:04:03|2024-03-26 11:04:03
166|presidenta|2024-03-26 11:04:03|2024-03-26 11:04:03
167|solicitante, donante|2024-03-26 11:04:03|2024-03-26 11:04:03
168|s. de p. r. de r. i.|2024-03-26 11:04:03|2024-03-26 11:04:03
169|albacea provisional|2024-03-26 11:04:03|2024-03-26 11:04:03
170|a.c.|2024-03-26 11:04:03|2024-03-26 11:04:03
171|en rebeldia|2024-03-26 11:04:03|2024-03-26 11:04:03
172|delegada especial|2024-03-26 11:04:03|2024-03-26 11:04:03
173|sociedad civil|2024-03-26 11:04:03|2024-03-26 11:04:03
174|donatria|2024-03-26 11:04:03|2024-03-26 11:04:03
175|mandario|2024-03-26 11:04:03|2024-03-26 11:04:03
176|vededora|2024-03-26 11:04:03|2024-03-26 11:04:03
177|constitucion de soci|2024-03-26 11:04:03|2024-03-26 11:04:03
178|enajenante en repres|2024-03-26 11:04:03|2024-03-26 11:04:03
179|estor oficiosa|2024-03-26 11:04:03|2024-03-26 11:04:03
180|abogada|2024-03-26 11:04:03|2024-03-26 11:04:03
181|deudor solidario|2024-03-26 11:04:03|2024-03-26 11:04:03
182|s. de p.r. de r.i.|2024-03-26 11:04:03|2024-03-26 11:04:03
183|vendedo|2024-03-26 11:04:03|2024-03-26 11:04:03
184|delegado especia|2024-03-26 11:04:03|2024-03-26 11:04:03
185|contratante|2024-03-26 11:04:03|2024-03-26 11:04:03
186|socia accionista|2024-03-26 11:04:03|2024-03-26 11:04:03
187|donatorio|2024-03-26 11:04:03|2024-03-26 11:04:03
188|cecionaria|2024-03-26 11:04:03|2024-03-26 11:04:03
189|apoderada leal|2024-03-26 11:04:03|2024-03-26 11:04:03
190|jefe de cobranza|2024-03-26 11:04:03|2024-03-26 11:04:03
191|repudiante|2024-03-26 11:04:03|2024-03-26 11:04:03
192|coopropietario|2024-03-26 11:04:03|2024-03-26 11:04:03
193|albacea  y heredera|2024-03-26 11:04:03|2024-03-26 11:04:03
194|el cedente|2024-03-26 11:04:03|2024-03-26 11:04:03
195|el cesionario|2024-03-26 11:04:03|2024-03-26 11:04:03
196|a favor de|2024-03-26 11:04:03|2024-03-26 11:04:03
197|albcea y heredera|2024-03-26 11:04:03|2024-03-26 11:04:03
198|solicita|2024-03-26 11:04:03|2024-03-26 11:04:03
199|albacea y adjudicata|2024-03-26 11:04:03|2024-03-26 11:04:03
200|donararia|2024-03-26 11:04:03|2024-03-26 11:04:03
201|albacea testamentari|2024-03-26 11:04:03|2024-03-26 11:04:03
202|heredera y albacea|2024-03-26 11:04:03|2024-03-26 11:04:03
203|copropietria|2024-03-26 11:04:03|2024-03-26 11:04:03
204|presidenta del conse|2024-03-26 11:04:03|2024-03-26 11:04:03
205|secretario del conse|2024-03-26 11:04:03|2024-03-26 11:04:03
206|asociacion civil|2024-03-26 11:04:03|2024-03-26 11:04:03
207|tutor principal|2024-03-26 11:04:03|2024-03-26 11:04:03
208|curador|2024-03-26 11:04:03|2024-03-26 11:04:03
209|enajenante y albacea|2024-03-26 11:04:04|2024-03-26 11:04:04
210|representantr|2024-03-26 11:04:04|2024-03-26 11:04:04
211|albacea definitiva|2024-03-26 11:04:04|2024-03-26 11:04:04
212|heredero universal|2024-03-26 11:04:04|2024-03-26 11:04:04
213|propitaria|2024-03-26 11:04:04|2024-03-26 11:04:04
214|acreedor mutuante|2024-03-26 11:04:04|2024-03-26 11:04:04
215|deudor mutuario|2024-03-26 11:04:04|2024-03-26 11:04:04
216|juez decimo primero|2024-03-26 11:04:04|2024-03-26 11:04:04
217|quien autoriza|2024-03-26 11:04:04|2024-03-26 11:04:04
218|en favor|2024-03-26 11:04:04|2024-03-26 11:04:04
219|enajenanjte|2024-03-26 11:04:04|2024-03-26 11:04:04
220|gestor oficioso|2024-03-26 11:04:04|2024-03-26 11:04:04
221|delegado|2024-03-26 11:04:04|2024-03-26 11:04:04
222|nuda propiestaria|2024-03-26 11:04:04|2024-03-26 11:04:04
223|propietaria|2024-03-26 11:04:04|2024-03-26 11:04:04
224|acreeditado|2024-03-26 11:04:04|2024-03-26 11:04:04
225|coopropietaria|2024-03-26 11:04:04|2024-03-26 11:04:04
226|vice-presidente ejec|2024-03-26 11:04:04|2024-03-26 11:04:04
227|vice-presidente fina|2024-03-26 11:04:04|2024-03-26 11:04:04
228|vice-presidente admi|2024-03-26 11:04:04|2024-03-26 11:04:04
229|asesor interno|2024-03-26 11:04:04|2024-03-26 11:04:04
230|nuda propietario|2024-03-26 11:04:04|2024-03-26 11:04:04
231|directora general|2024-03-26 11:04:04|2024-03-26 11:04:04
232|director|2024-03-26 11:04:04|2024-03-26 11:04:04
233|administradora|2024-03-26 11:04:04|2024-03-26 11:04:04
234|mandata5rio|2024-03-26 11:04:04|2024-03-26 11:04:04
235|heredera y comprador|2024-03-26 11:04:04|2024-03-26 11:04:04
236|enajenane|2024-03-26 11:04:04|2024-03-26 11:04:04
237|vendedor y solicitan|2024-03-26 11:04:04|2024-03-26 11:04:04
238|comodataria|2024-03-26 11:04:04|2024-03-26 11:04:04
239|comodante|2024-03-26 11:04:04|2024-03-26 11:04:04
240|solicitante y vended|2024-03-26 11:04:04|2024-03-26 11:04:04
241|mutuate|2024-03-26 11:04:04|2024-03-26 11:04:04
242|venderora|2024-03-26 11:04:04|2024-03-26 11:04:04
243|adquirente de usufru|2024-03-26 11:04:04|2024-03-26 11:04:04
244|donataria y solicita|2024-03-26 11:04:04|2024-03-26 11:04:04
245|pdte del consejo|2024-03-26 11:04:04|2024-03-26 11:04:04
246|srio del consejo|2024-03-26 11:04:04|2024-03-26 11:04:04
247|aduiqente|2024-03-26 11:04:04|2024-03-26 11:04:04
248|aduirente|2024-03-26 11:04:04|2024-03-26 11:04:04
249|tutor|2024-03-26 11:04:04|2024-03-26 11:04:04
250|dnataria|2024-03-26 11:04:04|2024-03-26 11:04:04
251|adquirente del usufr|2024-03-26 11:04:04|2024-03-26 11:04:04
252|adquirente de la nud|2024-03-26 11:04:04|2024-03-26 11:04:04
253|pesona moral|2024-03-26 11:04:04|2024-03-26 11:04:04
254|tstigo|2024-03-26 11:04:04|2024-03-26 11:04:04
255|tesorera|2024-03-26 11:04:04|2024-03-26 11:04:04
256|albacea y heredero u|2024-03-26 11:04:04|2024-03-26 11:04:04
257|albacea y heredera u|2024-03-26 11:04:04|2024-03-26 11:04:04
258|adquierente|2024-03-26 11:04:04|2024-03-26 11:04:04
259|jefe de area|2024-03-26 11:04:04|2024-03-26 11:04:04
260|adreditado|2024-03-26 11:04:04|2024-03-26 11:04:04
261|cesionario-acreedor|2024-03-26 11:04:04|2024-03-26 11:04:04
262|enanjenate|2024-03-26 11:04:04|2024-03-26 11:04:04
263|accionistas|2024-03-26 11:04:04|2024-03-26 11:04:04
264|presidente de consej|2024-03-26 11:04:04|2024-03-26 11:04:04
265|albacea y herdero un|2024-03-26 11:04:04|2024-03-26 11:04:04
266|enajeante|2024-03-26 11:04:04|2024-03-26 11:04:04
267|aceditado|2024-03-26 11:04:04|2024-03-26 11:04:04
268|albacea heredero|2024-03-26 11:04:04|2024-03-26 11:04:04
269|donante y heredera|2024-03-26 11:04:04|2024-03-26 11:04:04
270|adquirentente|2024-03-26 11:04:04|2024-03-26 11:04:04
271|danataria|2024-03-26 11:04:04|2024-03-26 11:04:04
272|delagado especial|2024-03-26 11:04:04|2024-03-26 11:04:04
273|c. juez segundo|2024-03-26 11:04:04|2024-03-26 11:04:04
274|demanda|2024-03-26 11:04:04|2024-03-26 11:04:04
275|pdnte. del consejo|2024-03-26 11:04:04|2024-03-26 11:04:04
276|comisario|2024-03-26 11:04:04|2024-03-26 11:04:04
277|repre y mandatario|2024-03-26 11:04:04|2024-03-26 11:04:04
278|representane legal|2024-03-26 11:04:04|2024-03-26 11:04:04
279|aceditante|2024-03-26 11:04:04|2024-03-26 11:04:04
280|gestor|2024-03-26 11:04:04|2024-03-26 11:04:04
281|adqurente|2024-03-26 11:04:04|2024-03-26 11:04:04
282|representane|2024-03-26 11:04:04|2024-03-26 11:04:04
283|revocado|2024-03-26 11:04:04|2024-03-26 11:04:04
284|heredero y albacea|2024-03-26 11:04:04|2024-03-26 11:04:04
285|en representacion|2024-03-26 11:04:04|2024-03-26 11:04:04
286|heredera y donante|2024-03-26 11:04:04|2024-03-26 11:04:04
287|el de cujus|2024-03-26 11:04:04|2024-03-26 11:04:04
288|usufructuairio|2024-03-26 11:04:04|2024-03-26 11:04:04
289|mutuantes|2024-03-26 11:04:04|2024-03-26 11:04:04
290|a bienes|2024-03-26 11:04:04|2024-03-26 11:04:04
291|comparecientes|2024-03-26 11:04:04|2024-03-26 11:04:04
292|compreciente|2024-03-26 11:04:04|2024-03-26 11:04:04
293|subdirector|2024-03-26 11:04:04|2024-03-26 11:04:04
294|anajenante|2024-03-26 11:04:04|2024-03-26 11:04:04
295|enajente|2024-03-26 11:04:04|2024-03-26 11:04:04
296|adqui rente|2024-03-26 11:04:04|2024-03-26 11:04:04
297|adquiente|2024-03-26 11:04:04|2024-03-26 11:04:04
298|adquriente|2024-03-26 11:04:04|2024-03-26 11:04:04
299|acreedor 2do lugar|2024-03-26 11:04:04|2024-03-26 11:04:04
300|acreedor 1er lugar|2024-03-26 11:04:04|2024-03-26 11:04:04
301|mandatario|2024-03-26 11:04:04|2024-03-26 11:04:04
302|doctor|2024-03-26 11:04:04|2024-03-26 11:04:04
303|mandatario|2024-03-26 11:04:04|2024-03-26 11:04:04
304|revocante|2024-03-26 11:04:04|2024-03-26 11:04:04
305|juez decimo segundo|2024-03-26 11:04:04|2024-03-26 11:04:04
306|juez 9o. de lo civil|2024-03-26 11:04:04|2024-03-26 11:04:04
307|apoderados legales|2024-03-26 11:04:04|2024-03-26 11:04:04
308|solictante|2024-03-26 11:04:04|2024-03-26 11:04:04
309|juez 10 de lo civil|2024-03-26 11:04:04|2024-03-26 11:04:04
310|albace definitivo|2024-03-26 11:04:04|2024-03-26 11:04:04
311|adjudicataria y dona|2024-03-26 11:04:04|2024-03-26 11:04:04
312|firma a ruego y enca|2024-03-26 11:04:04|2024-03-26 11:04:04
313|fiduciario|2024-03-26 11:04:04|2024-03-26 11:04:04
314|delegado fiduciario|2024-03-26 11:04:04|2024-03-26 11:04:04
315|adquirente y gestor|2024-03-26 11:04:04|2024-03-26 11:04:04
316|representada|2024-03-26 11:04:04|2024-03-26 11:04:04
317|delegada|2024-03-26 11:04:04|2024-03-26 11:04:04
318|directo general|2024-03-26 11:04:04|2024-03-26 11:04:04
319|a quien se revoca|2024-03-26 11:04:04|2024-03-26 11:04:04
320|representen legal|2024-03-26 11:04:04|2024-03-26 11:04:04
321|declarante|2024-03-26 11:04:04|2024-03-26 11:04:04
322|adquirente|2024-04-02 15:13:39|2024-04-02 15:13:39
323|gestor oficioso|2024-04-02 15:13:39|2024-04-02 15:13:39
324|enajenante|2024-04-02 15:13:39|2024-04-02 15:13:39
325|mandatario|2024-04-02 15:13:39|2024-04-02 15:13:39
326|mandante|2024-04-02 15:13:39|2024-04-02 15:13:39
327|socio|2024-04-02 15:13:39|2024-04-02 15:13:39
328|socia|2024-04-02 15:13:39|2024-04-02 15:13:39
329|alba.hered.donataria|2024-04-02 15:13:39|2024-04-02 15:13:39
330|heredero y donatario|2024-04-02 15:13:39|2024-04-02 15:13:39
331|donante|2024-04-02 15:13:39|2024-04-02 15:13:39
332|de cujus|2024-04-02 15:13:39|2024-04-02 15:13:39
333|donataria|2024-04-02 15:13:39|2024-04-02 15:13:39
334|nudo propietario|2024-04-02 15:13:40|2024-04-02 15:13:40
335|persona moral|2024-04-02 15:13:40|2024-04-02 15:13:40
336|delegado especial|2024-04-02 15:13:40|2024-04-02 15:13:40
337|vendedor|2024-04-02 15:13:40|2024-04-02 15:13:40
338|comprador|2024-04-02 15:13:40|2024-04-02 15:13:40
339|constitutiva|2024-04-02 15:13:40|2024-04-02 15:13:40
340|asociado|2024-04-02 15:13:40|2024-04-02 15:13:40
341|mutuante|2024-04-02 15:13:40|2024-04-02 15:13:40
342|mutuario|2024-04-02 15:13:40|2024-04-02 15:13:40
343|deudor|2024-04-02 15:13:40|2024-04-02 15:13:40
344|acreedor|2024-04-02 15:13:40|2024-04-02 15:13:40
345|garante hipotecario|2024-04-02 15:13:40|2024-04-02 15:13:40
346|administrador unico|2024-04-02 15:13:40|2024-04-02 15:13:40
347|solicitante|2024-04-02 15:13:40|2024-04-02 15:13:40
348|testador|2024-04-02 15:13:40|2024-04-02 15:13:40
349|testigo|2024-04-02 15:13:40|2024-04-02 15:13:40
350|soliciante|2024-04-02 15:13:40|2024-04-02 15:13:40
351|comrador|2024-04-02 15:13:40|2024-04-02 15:13:40
352|adjudicatario|2024-04-02 15:13:40|2024-04-02 15:13:40
353|asociacion|2024-04-02 15:13:40|2024-04-02 15:13:40
354|vendedora|2024-04-02 15:13:40|2024-04-02 15:13:40
355|donatario|2024-04-02 15:13:40|2024-04-02 15:13:40
356|mandataria|2024-04-02 15:13:40|2024-04-02 15:13:40
357|presidente|2024-04-02 15:13:40|2024-04-02 15:13:40
358|tesorero|2024-04-02 15:13:40|2024-04-02 15:13:40
359|representante legal|2024-04-02 15:13:40|2024-04-02 15:13:40
360|secretario|2024-04-02 15:13:40|2024-04-02 15:13:40
361|mmandatario|2024-04-02 15:13:40|2024-04-02 15:13:40
362|apoderado gral|2024-04-02 15:13:40|2024-04-02 15:13:40
363|acreditante|2024-04-02 15:13:40|2024-04-02 15:13:40
364|representante|2024-04-02 15:13:40|2024-04-02 15:13:40
365|acreditado|2024-04-02 15:13:40|2024-04-02 15:13:40
366|enajenate|2024-04-02 15:13:40|2024-04-02 15:13:40
367|compradora|2024-04-02 15:13:40|2024-04-02 15:13:40
368|no paso|2024-04-02 15:13:40|2024-04-02 15:13:40
369|ciudadano juez|2024-04-02 15:13:40|2024-04-02 15:13:40
370|adjudicante|2024-04-02 15:13:40|2024-04-02 15:13:40
371|testadora|2024-04-02 15:13:40|2024-04-02 15:13:40
372|delegado estatal|2024-04-02 15:13:40|2024-04-02 15:13:40
373|adjudicataria|2024-04-02 15:13:40|2024-04-02 15:13:40
374|demandado|2024-04-02 15:13:40|2024-04-02 15:13:40
375|donante y solicitant|2024-04-02 15:13:40|2024-04-02 15:13:40
376|apoderado legal|2024-04-02 15:13:40|2024-04-02 15:13:40
377|acreditado y garante|2024-04-02 15:13:40|2024-04-02 15:13:40
378|acreditado y nudo pr|2024-04-02 15:13:40|2024-04-02 15:13:40
379|usufructuario|2024-04-02 15:13:40|2024-04-02 15:13:40
380|usufructuaria|2024-04-02 15:13:40|2024-04-02 15:13:40
381|traductor|2024-04-02 15:13:40|2024-04-02 15:13:40
382|acreditada|2024-04-02 15:13:40|2024-04-02 15:13:40
383|apoderada legal|2024-04-02 15:13:40|2024-04-02 15:13:40
384|cedente|2024-04-02 15:13:40|2024-04-02 15:13:40
385|cesionaria|2024-04-02 15:13:40|2024-04-02 15:13:40
386|constituida|2024-04-02 15:13:40|2024-04-02 15:13:40
387|accionista|2024-04-02 15:13:40|2024-04-02 15:13:40
388|arrendadora|2024-04-02 15:13:40|2024-04-02 15:13:40
389|copropietaria|2024-04-02 15:13:40|2024-04-02 15:13:40
390|arrendatario|2024-04-02 15:13:40|2024-04-02 15:13:40
391|fiador|2024-04-02 15:13:40|2024-04-02 15:13:40
392|acreedor/acreditante|2024-04-02 15:13:40|2024-04-02 15:13:40
393|sociedad|2024-04-02 15:13:40|2024-04-02 15:13:40
394|acreedora|2024-04-02 15:13:40|2024-04-02 15:13:40
395|donantes|2024-04-02 15:13:40|2024-04-02 15:13:40
396|obligado solidario|2024-04-02 15:13:40|2024-04-02 15:13:40
397|deudora|2024-04-02 15:13:40|2024-04-02 15:13:40
398|asociada|2024-04-02 15:13:40|2024-04-02 15:13:40
399|asociados|2024-04-02 15:13:40|2024-04-02 15:13:40
400|nuda propietaria|2024-04-02 15:13:40|2024-04-02 15:13:40
401|director general|2024-04-02 15:13:40|2024-04-02 15:13:40
402|empresa|2024-04-02 15:13:40|2024-04-02 15:13:40
403|mutuaria|2024-04-02 15:13:40|2024-04-02 15:13:40
404|apoderado|2024-04-02 15:13:40|2024-04-02 15:13:40
405|juez 12 de lo civil|2024-04-02 15:13:40|2024-04-02 15:13:40
406|presidente estatal|2024-04-02 15:13:40|2024-04-02 15:13:40
407|heredera|2024-04-02 15:13:40|2024-04-02 15:13:40
408|apoderada|2024-04-02 15:13:40|2024-04-02 15:13:40
409|enejenante|2024-04-02 15:13:40|2024-04-02 15:13:40
410|presidente del conse|2024-04-02 15:13:40|2024-04-02 15:13:40
411|tesorero del consejo|2024-04-02 15:13:40|2024-04-02 15:13:40
412|adquirentes|2024-04-02 15:13:40|2024-04-02 15:13:40
413|juez del registrto c|2024-04-02 15:13:40|2024-04-02 15:13:40
414|vendedores|2024-04-02 15:13:40|2024-04-02 15:13:40
415|arrendador|2024-04-02 15:13:40|2024-04-02 15:13:40
416|gerente general|2024-04-02 15:13:40|2024-04-02 15:13:40
417|nuda propiedad|2024-04-02 15:13:40|2024-04-02 15:13:40
418|otorgante|2024-04-02 15:13:40|2024-04-02 15:13:40
419|demandada|2024-04-02 15:13:40|2024-04-02 15:13:40
420|gestor oficiosa|2024-04-02 15:13:40|2024-04-02 15:13:40
421|cesionario|2024-04-02 15:13:40|2024-04-02 15:13:40
422|nudo poprietario|2024-04-02 15:13:40|2024-04-02 15:13:40
423|juez de lo civil|2024-04-02 15:13:40|2024-04-02 15:13:40
424|mutuario y garante|2024-04-02 15:13:40|2024-04-02 15:13:40
425|mutuario y garante h|2024-04-02 15:13:40|2024-04-02 15:13:40
426|albacea y heredera|2024-04-02 15:13:40|2024-04-02 15:13:40
427|donante y vendedora|2024-04-02 15:13:40|2024-04-02 15:13:40
428|donante y vendedor|2024-04-02 15:13:40|2024-04-02 15:13:40
429|nuda propitaria|2024-04-02 15:13:40|2024-04-02 15:13:40
430|doataria|2024-04-02 15:13:40|2024-04-02 15:13:40
431|abonadora|2024-04-02 15:13:40|2024-04-02 15:13:40
432|representantes|2024-04-02 15:13:40|2024-04-02 15:13:40
433|garante hipotecaria|2024-04-02 15:13:40|2024-04-02 15:13:40
434|la abonadora|2024-04-02 15:13:40|2024-04-02 15:13:40
435|revisor|2024-04-02 15:13:40|2024-04-02 15:13:40
436|doantaria|2024-04-02 15:13:40|2024-04-02 15:13:40
437|comisionado|2024-04-02 15:13:40|2024-04-02 15:13:40
438|heredero|2024-04-02 15:13:40|2024-04-02 15:13:40
439|administrador|2024-04-02 15:13:40|2024-04-02 15:13:40
440|legataria|2024-04-02 15:13:40|2024-04-02 15:13:40
441|adquiriente|2024-04-02 15:13:40|2024-04-02 15:13:40
442|amndante|2024-04-02 15:13:40|2024-04-02 15:13:40
443|mandnante|2024-04-02 15:13:40|2024-04-02 15:13:40
444|mandate|2024-04-02 15:13:40|2024-04-02 15:13:40
445|copradora|2024-04-02 15:13:40|2024-04-02 15:13:40
446|mutunte|2024-04-02 15:13:40|2024-04-02 15:13:40
447|nudo propietrio|2024-04-02 15:13:40|2024-04-02 15:13:40
448|apoderdo legal|2024-04-02 15:13:40|2024-04-02 15:13:40
449|ogligado solidario|2024-04-02 15:13:40|2024-04-02 15:13:40
450|secretario general|2024-04-02 15:13:40|2024-04-02 15:13:40
451|acreditado  y garant|2024-04-02 15:13:40|2024-04-02 15:13:40
452|enajenante y adjudic|2024-04-02 15:13:40|2024-04-02 15:13:40
453|madatario|2024-04-02 15:13:40|2024-04-02 15:13:40
454|coheredero|2024-04-02 15:13:40|2024-04-02 15:13:40
455|coheredera|2024-04-02 15:13:40|2024-04-02 15:13:40
456|cujus|2024-04-02 15:13:40|2024-04-02 15:13:40
457|donataira|2024-04-02 15:13:40|2024-04-02 15:13:40
458|nudo propitario|2024-04-02 15:13:40|2024-04-02 15:13:40
459|albacea y heredero|2024-04-02 15:13:40|2024-04-02 15:13:40
460|representate|2024-04-02 15:13:40|2024-04-02 15:13:40
461|permutante|2024-04-02 15:13:40|2024-04-02 15:13:40
462|enajenante y apodera|2024-04-02 15:13:40|2024-04-02 15:13:40
463|vendedor y donante|2024-04-02 15:13:40|2024-04-02 15:13:40
464|comprador y donatari|2024-04-02 15:13:40|2024-04-02 15:13:40
465|constitucion|2024-04-02 15:13:40|2024-04-02 15:13:40
466|vicepresidente|2024-04-02 15:13:40|2024-04-02 15:13:40
467|comradora|2024-04-02 15:13:40|2024-04-02 15:13:40
468|secretaria|2024-04-02 15:13:40|2024-04-02 15:13:40
469|donatario menor|2024-04-02 15:13:40|2024-04-02 15:13:40
470|otorgante juez de lo|2024-04-02 15:13:40|2024-04-02 15:13:40
471|mutuarios|2024-04-02 15:13:40|2024-04-02 15:13:40
472|apoderado general|2024-04-02 15:13:40|2024-04-02 15:13:40
473|cecionario|2024-04-02 15:13:40|2024-04-02 15:13:40
474|albacea definitivo|2024-04-02 15:13:40|2024-04-02 15:13:40
475|apoderada y jefa del|2024-04-02 15:13:40|2024-04-02 15:13:40
476|a favor|2024-04-02 15:13:40|2024-04-02 15:13:40
477|heredera universal|2024-04-02 15:13:40|2024-04-02 15:13:40
478|de  cujus|2024-04-02 15:13:40|2024-04-02 15:13:40
479|albacea|2024-04-02 15:13:40|2024-04-02 15:13:40
480|legatario|2024-04-02 15:13:40|2024-04-02 15:13:40
481|nudo propietrario|2024-04-02 15:13:40|2024-04-02 15:13:40
482|copropietario|2024-04-02 15:13:40|2024-04-02 15:13:40
483|otorga|2024-04-02 15:13:40|2024-04-02 15:13:40
484|apoderada general|2024-04-02 15:13:40|2024-04-02 15:13:40
485|vocal|2024-04-02 15:13:40|2024-04-02 15:13:40
486|acredor|2024-04-02 15:13:40|2024-04-02 15:13:40
487|presidenta|2024-04-02 15:13:40|2024-04-02 15:13:40
488|solicitante, donante|2024-04-02 15:13:40|2024-04-02 15:13:40
489|s. de p. r. de r. i.|2024-04-02 15:13:40|2024-04-02 15:13:40
490|albacea provisional|2024-04-02 15:13:40|2024-04-02 15:13:40
491|a.c.|2024-04-02 15:13:40|2024-04-02 15:13:40
492|en rebeldia|2024-04-02 15:13:40|2024-04-02 15:13:40
493|delegada especial|2024-04-02 15:13:40|2024-04-02 15:13:40
494|sociedad civil|2024-04-02 15:13:41|2024-04-02 15:13:41
495|donatria|2024-04-02 15:13:41|2024-04-02 15:13:41
496|mandario|2024-04-02 15:13:41|2024-04-02 15:13:41
497|vededora|2024-04-02 15:13:41|2024-04-02 15:13:41
498|constitucion de soci|2024-04-02 15:13:41|2024-04-02 15:13:41
499|enajenante en repres|2024-04-02 15:13:41|2024-04-02 15:13:41
500|estor oficiosa|2024-04-02 15:13:41|2024-04-02 15:13:41
501|abogada|2024-04-02 15:13:41|2024-04-02 15:13:41
502|deudor solidario|2024-04-02 15:13:41|2024-04-02 15:13:41
503|s. de p.r. de r.i.|2024-04-02 15:13:41|2024-04-02 15:13:41
504|vendedo|2024-04-02 15:13:41|2024-04-02 15:13:41
505|delegado especia|2024-04-02 15:13:41|2024-04-02 15:13:41
506|contratante|2024-04-02 15:13:41|2024-04-02 15:13:41
507|socia accionista|2024-04-02 15:13:41|2024-04-02 15:13:41
508|donatorio|2024-04-02 15:13:41|2024-04-02 15:13:41
509|cecionaria|2024-04-02 15:13:41|2024-04-02 15:13:41
510|apoderada leal|2024-04-02 15:13:41|2024-04-02 15:13:41
511|jefe de cobranza|2024-04-02 15:13:41|2024-04-02 15:13:41
512|repudiante|2024-04-02 15:13:41|2024-04-02 15:13:41
513|coopropietario|2024-04-02 15:13:41|2024-04-02 15:13:41
514|albacea  y heredera|2024-04-02 15:13:41|2024-04-02 15:13:41
515|el cedente|2024-04-02 15:13:41|2024-04-02 15:13:41
516|el cesionario|2024-04-02 15:13:41|2024-04-02 15:13:41
517|a favor de|2024-04-02 15:13:41|2024-04-02 15:13:41
518|albcea y heredera|2024-04-02 15:13:41|2024-04-02 15:13:41
519|solicita|2024-04-02 15:13:41|2024-04-02 15:13:41
520|albacea y adjudicata|2024-04-02 15:13:41|2024-04-02 15:13:41
521|donararia|2024-04-02 15:13:41|2024-04-02 15:13:41
522|albacea testamentari|2024-04-02 15:13:41|2024-04-02 15:13:41
523|heredera y albacea|2024-04-02 15:13:41|2024-04-02 15:13:41
524|copropietria|2024-04-02 15:13:41|2024-04-02 15:13:41
525|presidenta del conse|2024-04-02 15:13:41|2024-04-02 15:13:41
526|secretario del conse|2024-04-02 15:13:41|2024-04-02 15:13:41
527|asociacion civil|2024-04-02 15:13:41|2024-04-02 15:13:41
528|tutor principal|2024-04-02 15:13:41|2024-04-02 15:13:41
529|curador|2024-04-02 15:13:41|2024-04-02 15:13:41
530|enajenante y albacea|2024-04-02 15:13:41|2024-04-02 15:13:41
531|representantr|2024-04-02 15:13:41|2024-04-02 15:13:41
532|albacea definitiva|2024-04-02 15:13:41|2024-04-02 15:13:41
533|heredero universal|2024-04-02 15:13:41|2024-04-02 15:13:41
534|propitaria|2024-04-02 15:13:41|2024-04-02 15:13:41
535|acreedor mutuante|2024-04-02 15:13:41|2024-04-02 15:13:41
536|deudor mutuario|2024-04-02 15:13:41|2024-04-02 15:13:41
537|juez decimo primero|2024-04-02 15:13:41|2024-04-02 15:13:41
538|quien autoriza|2024-04-02 15:13:41|2024-04-02 15:13:41
539|en favor|2024-04-02 15:13:41|2024-04-02 15:13:41
540|enajenanjte|2024-04-02 15:13:41|2024-04-02 15:13:41
541|gestor oficioso|2024-04-02 15:13:41|2024-04-02 15:13:41
542|delegado|2024-04-02 15:13:41|2024-04-02 15:13:41
543|nuda propiestaria|2024-04-02 15:13:41|2024-04-02 15:13:41
544|propietaria|2024-04-02 15:13:41|2024-04-02 15:13:41
545|acreeditado|2024-04-02 15:13:41|2024-04-02 15:13:41
546|coopropietaria|2024-04-02 15:13:41|2024-04-02 15:13:41
547|vice-presidente ejec|2024-04-02 15:13:41|2024-04-02 15:13:41
548|vice-presidente fina|2024-04-02 15:13:41|2024-04-02 15:13:41
549|vice-presidente admi|2024-04-02 15:13:41|2024-04-02 15:13:41
550|asesor interno|2024-04-02 15:13:41|2024-04-02 15:13:41
551|nuda propietario|2024-04-02 15:13:41|2024-04-02 15:13:41
552|directora general|2024-04-02 15:13:41|2024-04-02 15:13:41
553|director|2024-04-02 15:13:41|2024-04-02 15:13:41
554|administradora|2024-04-02 15:13:41|2024-04-02 15:13:41
555|mandata5rio|2024-04-02 15:13:41|2024-04-02 15:13:41
556|heredera y comprador|2024-04-02 15:13:41|2024-04-02 15:13:41
557|enajenane|2024-04-02 15:13:41|2024-04-02 15:13:41
558|vendedor y solicitan|2024-04-02 15:13:41|2024-04-02 15:13:41
559|comodataria|2024-04-02 15:13:41|2024-04-02 15:13:41
560|comodante|2024-04-02 15:13:41|2024-04-02 15:13:41
561|solicitante y vended|2024-04-02 15:13:41|2024-04-02 15:13:41
562|mutuate|2024-04-02 15:13:41|2024-04-02 15:13:41
563|venderora|2024-04-02 15:13:41|2024-04-02 15:13:41
564|adquirente de usufru|2024-04-02 15:13:41|2024-04-02 15:13:41
565|donataria y solicita|2024-04-02 15:13:41|2024-04-02 15:13:41
566|pdte del consejo|2024-04-02 15:13:41|2024-04-02 15:13:41
567|srio del consejo|2024-04-02 15:13:41|2024-04-02 15:13:41
568|aduiqente|2024-04-02 15:13:41|2024-04-02 15:13:41
569|aduirente|2024-04-02 15:13:41|2024-04-02 15:13:41
570|tutor|2024-04-02 15:13:41|2024-04-02 15:13:41
571|dnataria|2024-04-02 15:13:41|2024-04-02 15:13:41
572|adquirente del usufr|2024-04-02 15:13:41|2024-04-02 15:13:41
573|adquirente de la nud|2024-04-02 15:13:41|2024-04-02 15:13:41
574|pesona moral|2024-04-02 15:13:41|2024-04-02 15:13:41
575|tstigo|2024-04-02 15:13:41|2024-04-02 15:13:41
576|tesorera|2024-04-02 15:13:41|2024-04-02 15:13:41
577|albacea y heredero u|2024-04-02 15:13:41|2024-04-02 15:13:41
578|albacea y heredera u|2024-04-02 15:13:41|2024-04-02 15:13:41
579|adquierente|2024-04-02 15:13:41|2024-04-02 15:13:41
580|jefe de area|2024-04-02 15:13:41|2024-04-02 15:13:41
581|adreditado|2024-04-02 15:13:41|2024-04-02 15:13:41
582|cesionario-acreedor|2024-04-02 15:13:41|2024-04-02 15:13:41
583|enanjenate|2024-04-02 15:13:41|2024-04-02 15:13:41
584|accionistas|2024-04-02 15:13:41|2024-04-02 15:13:41
585|presidente de consej|2024-04-02 15:13:41|2024-04-02 15:13:41
586|albacea y herdero un|2024-04-02 15:13:41|2024-04-02 15:13:41
587|enajeante|2024-04-02 15:13:41|2024-04-02 15:13:41
588|aceditado|2024-04-02 15:13:41|2024-04-02 15:13:41
589|albacea heredero|2024-04-02 15:13:41|2024-04-02 15:13:41
590|donante y heredera|2024-04-02 15:13:41|2024-04-02 15:13:41
591|adquirentente|2024-04-02 15:13:41|2024-04-02 15:13:41
592|danataria|2024-04-02 15:13:41|2024-04-02 15:13:41
593|delagado especial|2024-04-02 15:13:41|2024-04-02 15:13:41
594|c. juez segundo|2024-04-02 15:13:41|2024-04-02 15:13:41
595|demanda|2024-04-02 15:13:41|2024-04-02 15:13:41
596|pdnte. del consejo|2024-04-02 15:13:41|2024-04-02 15:13:41
597|comisario|2024-04-02 15:13:41|2024-04-02 15:13:41
598|repre y mandatario|2024-04-02 15:13:41|2024-04-02 15:13:41
599|representane legal|2024-04-02 15:13:41|2024-04-02 15:13:41
600|aceditante|2024-04-02 15:13:41|2024-04-02 15:13:41
601|gestor|2024-04-02 15:13:41|2024-04-02 15:13:41
602|adqurente|2024-04-02 15:13:41|2024-04-02 15:13:41
603|representane|2024-04-02 15:13:41|2024-04-02 15:13:41
604|revocado|2024-04-02 15:13:41|2024-04-02 15:13:41
605|heredero y albacea|2024-04-02 15:13:41|2024-04-02 15:13:41
606|en representacion|2024-04-02 15:13:41|2024-04-02 15:13:41
607|heredera y donante|2024-04-02 15:13:41|2024-04-02 15:13:41
608|el de cujus|2024-04-02 15:13:41|2024-04-02 15:13:41
609|usufructuairio|2024-04-02 15:13:41|2024-04-02 15:13:41
610|mutuantes|2024-04-02 15:13:41|2024-04-02 15:13:41
611|a bienes|2024-04-02 15:13:41|2024-04-02 15:13:41
612|comparecientes|2024-04-02 15:13:41|2024-04-02 15:13:41
613|compreciente|2024-04-02 15:13:41|2024-04-02 15:13:41
614|subdirector|2024-04-02 15:13:41|2024-04-02 15:13:41
615|anajenante|2024-04-02 15:13:41|2024-04-02 15:13:41
616|enajente|2024-04-02 15:13:41|2024-04-02 15:13:41
617|adqui rente|2024-04-02 15:13:41|2024-04-02 15:13:41
618|adquiriente|2024-04-02 15:13:41|2024-04-26 10:12:09
619|adquriente|2024-04-02 15:13:41|2024-04-02 15:13:41
620|acreedor 2do lugar|2024-04-02 15:13:41|2024-04-02 15:13:41
621|acreedor 1er lugar|2024-04-02 15:13:41|2024-04-02 15:13:41
622|mandatario|2024-04-02 15:13:41|2024-04-02 15:13:41
623|doctor|2024-04-02 15:13:41|2024-04-02 15:13:41
624|mandatario|2024-04-02 15:13:41|2024-04-02 15:13:41
625|revocante|2024-04-02 15:13:41|2024-04-02 15:13:41
626|juez decimo segundo|2024-04-02 15:13:41|2024-04-02 15:13:41
627|juez 9o. de lo civil|2024-04-02 15:13:41|2024-04-02 15:13:41
628|apoderados legales|2024-04-02 15:13:41|2024-04-02 15:13:41
629|solictante|2024-04-02 15:13:41|2024-04-02 15:13:41
630|juez 10 de lo civil|2024-04-02 15:13:41|2024-04-02 15:13:41
631|albace definitivo|2024-04-02 15:13:41|2024-04-02 15:13:41
632|adjudicataria y dona|2024-04-02 15:13:41|2024-04-02 15:13:41
633|firma a ruego y enca|2024-04-02 15:13:41|2024-04-02 15:13:41
634|fiduciario|2024-04-02 15:13:41|2024-04-02 15:13:41
635|delegado fiduciario|2024-04-02 15:13:41|2024-04-02 15:13:41
636|adquirente y gestor|2024-04-02 15:13:41|2024-04-02 15:13:41
637|representada|2024-04-02 15:13:41|2024-04-02 15:13:41
638|delegada|2024-04-02 15:13:41|2024-04-02 15:13:41
639|directo general|2024-04-02 15:13:41|2024-04-02 15:13:41
640|a quien se revoca|2024-04-02 15:13:41|2024-04-02 15:13:41
641|representen legal|2024-04-02 15:13:41|2024-04-02 15:13:41
642|declarante|2024-04-02 15:13:41|2024-04-02 15:13:41
